{"orig": [175.16666669999998, 162.0, 174.6333333, 159.7333333, 149.3833333, 163.2, 161.4833333, 158.06666669999998, 158.41666669999998, 165.75, 144.4, 145.7166667, 173.6, 148.8666667, 141.65, 141.3, 145.2333333, 145.2333333, 151.68333330000002, 147.2666667, 148.6166667, 149.8833333, 149.2166667, 149.5166667, 138.95, 138.16666669999998, 143.7833333, 149.66666669999998, 153.0, 145.66666669999998, 160.3666667, 157.1166667, 153.1333333, 154.8, 166.75, 153.6, 151.0166667, 152.8833333, 152.1166667, 153.66666669999998, 153.33333330000002, 155.56666669999998, 148.85, 148.4666667, 150.6333333, 146.85, 148.41666669999998, 151.83333330000002, 150.66666669999998, 149.45, 145.65, 151.0333333, 151.83333330000002, 152.65, 147.75, 151.8833333, 138.85, 140.65, 138.3666667, 134.2333333, 140.08333330000002, 145.9, 142.7, 140.9, 143.65, 143.8, 138.9666667, 139.9833333, 136.55, 137.18333330000002, 135.75, 142.2833333, 133.8166667, 130.5, 138.75, 135.65, 136.05, 133.65, 129.9166667, 140.31666669999998, 134.7666667, 130.21666670000002, 129.45, 132.1833333, 129.4333333, 128.86666670000002, 129.0, 130.5666667, 134.0833333, 127.85, 131.8333333, 128.71666670000002, 129.1, 128.3166667, 131.1, 128.2333333, 129.55, 127.25, 129.36666670000002, 129.25, 130.5666667, 127.56666670000001, 129.86666670000002, 129.78333329999998, 129.71666670000002, 129.03333329999998, 130.1833333, 130.61666670000002, 131.7333333, 127.23333329999998, 134.21666670000002, 127.75, 128.7, 125.86666670000001, 123.03333329999998, 132.6666667, 130.36666670000002, 128.61666670000002, 129.28333329999998, 132.7333333], "data": [167.789835193758, 167.12132073910917, 166.05307915118254, 164.59281965217525, 162.8526164170398, 161.11566986166807, 159.55541166521851, 158.22330693320941, 157.1078069468417, 156.00183024837784, 154.7606422009533, 153.4985959433437, 152.2462807445202, 150.98086492896735, 149.74440944556477, 148.482854060092, 147.22064681915407, 146.16825618854685, 145.43899341311487, 145.01369325337646, 144.89520028090294, 145.01947246326156, 145.32361942043485, 145.87163009345315, 146.66725549205563, 147.63427860947215, 148.72963798448498, 149.8809560073067, 151.00676017851202, 152.07006708451567, 153.02196817542708, 153.8044292085971, 154.39209159326867, 154.7841980868609, 154.982670552101, 154.99205372003334, 154.8390454537405, 154.56979726892567, 154.22052059849986, 153.80836067205064, 153.33395533873406, 152.76190226144624, 152.0812549698184, 151.35100948361207, 150.62394727863634, 149.95550406007027, 149.39927969373142, 148.946517347944, 148.5914016296633, 148.34384994988594, 148.17986127395446, 148.06543449959472, 147.9393850042582, 147.6850910247082, 147.223881362246, 146.5596736839026, 145.7171205473748, 144.77647679544086, 143.81807691829826, 142.83959427010907, 141.88214329248834, 141.0373604175759, 140.3521855687846, 139.85802335270714, 139.54638595627867, 139.31139392053237, 139.07722948790735, 138.85646127830273, 138.62514175960368, 138.3483859917826, 138.01460212164383, 137.57849127168575, 137.03510238683663, 136.46017043618266, 135.8956184012326, 135.33243830292918, 134.78136247796007, 134.23996886652066, 133.7019534174911, 133.20132946635104, 132.74486633583595, 132.29541031816828, 131.84109055978212, 131.3923035016693, 130.95597473486592, 130.55976824821647, 130.22498446510755, 129.93810733392004, 129.69762806007998, 129.51468639830688, 129.38723261696387, 129.31563705070505, 129.29391789361566, 129.2959406202005, 129.3046563592949, 129.3210123144247, 129.3435537748818, 129.37689687527404, 129.42489189606076, 129.47359765666195, 129.51416081298396, 129.54536835379258, 129.56173765399745, 129.5634007012691, 129.5498520192211, 129.51317301267127, 129.45219675617264, 129.37444908737072, 129.28934654462145, 129.21307242993743, 129.15946586401554, 129.13024520749025, 129.12733760761694, 129.1509719385044, 129.20080632906343, 129.28636271747442, 129.41397847879526, 129.58409553851595, 129.7973587727456, 130.04757673513197, 130.3259581502637, 130.62461772348007, 130.9277296280126, 131.21086772127612, 131.44299998458257, 131.5825601140777], "type": "polyish-decreasing"}