{"orig": [22009, 21849, 23128, 22615, 2048, 23222, 22874, 24323, 22853, 23855, 24042, 0, 25908, 24692, 67012, 23646, 26923, 23504, 25501, 47072, 25833, 25761, 25998, 68431, 17723, 13987, 16251, 19674, 22263, 21231, 24556, 27275, 27074, 26972, 27057, 25392, 25379, 36839, 23348, 19950, 26683, 35434, 23265, 65292, 24410, 25212, 25500, 22876, 23928, 22936, 1906, 23195, 24209, 1869, 24133, 24576, 2021, 24970, 65394, 67254, 25399, 25749, 28308, 27946, 2072, 15033, 1675, 20760, 26017, 2216, 24454, 25725, 26870, 26389, 26280, 26939, 21692, 13662, 15698, 19384, 20973, 22797, 24530, 25494, 2316, 24795, 25221, 25904, 42047, 26448, 22097, 25678, 23002, 67187, 54217, 24262, 22241, 23584, 45672, 45558, 23761, 22110, 24430, 22685, 23150, 23133, 3160, 22734, 20819, 24123, 43689, 7046, 0, 0, 0, 0, 0, 0, 0, 11569, 11973, 11123, 11479, 16969, 15997, 16555, 17959, 18868, 43570, 10544, 12755, 43515, 20077, 23269, 2423, 20350, 20941, 63742, 22139, 3684, 34088, 22816, 23624, 3494, 23566, 21104, 24069, 23918, 23621, 20945, 22441, 21124, 22571, 20360, 21157, 21742, 21492, 2614, 65783, 23091, 21004, 22591, 23271, 22220, 66116, 23076, 24331, 25151, 22561, 26115, 47097, 33047, 24735, 26226, 24129, 24088, 24617, 39583, 25422, 25430, 32689, 15535, 0, 0, 22241, 23507, 20800, 24294, 24321, 25142, 24073, 64600, 22731, 23835, 22897, 36592, 24124, 25135, 1776, 24888, 62353, 23776, 23382, 22778, 23832, 22806, 22387, 23419, 24941, 27290, 27522, 25780, 24656, 24594, 27049, 26935, 29105, 28266, 29007, 30731, 107617, 34022, 29296, 1641, 28283, 30265, 32162, 75293, 31669, 34053, 61698, 29116, 27946, 25204, 24434, 27323, 28541, 32095, 50576, 71339, 31103, 32933, 31426, 31444, 4129, 30115, 31309, 28485, 29801, 31646, 27938, 30030, 27654, 28028, 9241, 54692, 29844, 57091, 28641, 53523, 77079, 32733, 33884, 4663, 70830, 30254, 54455, 31431, 4114, 48365, 31394, 33501, 32472, 49247, 72652, 4143, 31891, 33348, 30691, 31858, 31733, 33166], "data": [19098.213728803126, 19511.675375201932, 20000.55178172874, 20559.477903474744, 21179.112402107796, 21844.506689155834, 22541.776946341506, 23261.500719328986, 23994.254110053724, 24733.240685465484, 25468.622914797834, 26180.252848075455, 26848.453453268605, 27454.12074434053, 27979.164529728678, 28415.47324380897, 28756.93924297779, 28998.312547119178, 29140.69192968288, 29187.598373909594, 29149.892008637005, 29049.918325088067, 28905.42416845351, 28722.715978499964, 28506.24624068898, 28252.191376824187, 27961.188374680307, 27654.005289458746, 27347.744597715486, 27055.66890733643, 26793.373958577733, 26564.590308223327, 26374.184801418392, 26234.025032990183, 26146.16114847561, 26104.014703987974, 26095.173775119576, 26094.04092341842, 26081.34604757866, 26057.913275828814, 26026.302390918496, 25996.74801785738, 25978.742191741014, 25961.325920542637, 25940.357903116626, 25921.526915195074, 25903.537749198324, 25888.34946154874, 25873.655138036473, 25842.649860300487, 25787.27665800456, 25715.214974371585, 25633.395243453528, 25554.61198299195, 25488.94112021453, 25427.61095375233, 25362.87597914856, 25288.39882584719, 25192.674449115966, 25070.622547184314, 24911.87817889492, 24694.896307442763, 24406.717962341827, 24045.71588885296, 23615.157408218296, 23131.845980419643, 22611.719916250335, 22056.802351793693, 21477.59730090385, 20892.31281874487, 20316.232178502556, 19770.32175087619, 19272.875664317213, 18831.781431512412, 18464.27397867655, 18202.346872862963, 18078.80467374498, 18132.71540370408, 18395.71180758076, 18873.486124919003, 19566.1494570543, 20465.40048997419, 21551.776500445463, 22809.732347057292, 24206.497660464156, 25684.861471861495, 27195.629495685414, 28703.19864708609, 30174.558581730358, 31593.96458980058, 32932.07195293625, 34118.373295720055, 35085.95978885553, 35768.68181071422, 36105.26615136556, 36076.246007287315, 35668.840652392035, 34872.38413210387, 33701.49306014427, 32179.409220679514, 30357.195070315054, 28330.48180535597, 26179.04148218108, 23942.375757986894, 21655.48568616816, 19325.063813240333, 16975.690951676763, 14706.831277366038, 12606.665953557711, 10751.560031185461, 9221.08477906985, 8041.131560896866, 7235.278107178705, 6842.437655343681, 6861.492360723069, 7263.38042591246, 7986.978335730258, 8910.95128650592, 9938.758868259767, 11048.24453702165, 12224.01297446566, 13486.624808029446, 14842.985829761894, 16201.909019794217, 17495.328055143265, 18686.076581716563, 19718.931520457976, 20583.03197887119, 21259.816811882152, 21687.58748252208, 21852.364126281875, 21795.534109902077, 21579.38313829328, 21321.5553027493, 21116.0461754212, 20961.761950298856, 20854.86703290671, 20769.10639645348, 20676.05368913454, 20630.851448257752, 20660.154431977455, 20743.334090559227, 20888.369001490482, 21091.480819501758, 21361.31057458682, 21761.87424279339, 22317.86813258587, 22982.968743324767, 23708.705937472656, 24417.511139086037, 25041.136148589165, 25590.850340307934, 26072.18357166989, 26484.72809559532, 26843.940606063767, 27126.477016970533, 27328.274472095334, 27488.83775058267, 27623.585454027656, 27730.987549383193, 27803.278779381624, 27795.99646216657, 27684.077076685568, 27498.564583612126, 27263.60830274364, 27006.872607638597, 26759.792936318547, 26513.54434236522, 26267.498211692488, 26040.471293432198, 25836.57451798964, 25664.226669039912, 25526.443207493157, 25403.059261176873, 25284.416499213934, 25179.621276193993, 25096.126896403777, 25050.768098461827, 25055.779255604066, 25097.864639464522, 25166.761450418333, 25255.500480005558, 25352.57756705766, 25458.80718970797, 25571.98312504727, 25679.99539782901, 25775.747038837173, 25852.172631542475, 25902.423741922434, 25926.647389010104, 25923.434709664914, 25887.391541843397, 25816.144144963375, 25708.311337877163, 25565.372956362084, 25396.75752447097, 25214.96886511135, 25035.66097466879, 24874.12966259064, 24738.375270946384, 24635.69633111905, 24571.790838772606, 24553.553922341638, 24597.181584034923, 24717.189286460285, 24924.89873319695, 25231.425750961105, 25640.374404669918, 26153.465741564345, 26772.964602415883, 27493.97065729004, 28305.192329168207, 29188.650391187883, 30115.656390656008, 31060.58366153772, 32009.668100192564, 32949.5883241948, 33872.24440632582, 34765.86074778812, 35600.08391544089, 36347.34601896837, 36984.169045062394, 37486.89124593808, 37845.99147131278, 38054.13179436584, 38101.91384876255, 37991.31013710753, 37732.70692604501, 37346.78685755501, 36871.743469960944, 36339.855204711384, 35763.96991990528, 35155.69337652233, 34517.10395348355, 33855.924628378576, 33209.59971136844, 32610.53449875658, 32084.312186138322, 31659.230211044833, 31345.128365490033, 31151.433993222156, 31095.40720897035, 31178.600476174473, 31389.067011533178, 31703.546839527895, 32076.53938280456, 32471.905160628932, 32883.9903956217, 33309.67162876286, 33758.60050606984, 34236.63780811284, 34713.22426708418, 35167.3058392698, 35591.30100923574, 35969.27535657686, 36298.64398840023, 36572.836679183725, 36766.660005913305, 36872.23192488618, 36904.71461914302, 36884.769544869734, 36851.09961845478, 36834.530444172255, 36830.36462355807, 36833.4795612969, 36833.055556660016, 36815.182136544754, 36792.33216514183, 36766.41766279992, 36720.74512286588, 36650.50491339032, 36552.66481980803, 36429.793822913045, 36306.14172414354, 36194.26741023655, 36080.04503787936, 35952.414828908695, 35795.40255567706, 35594.15003285249, 35358.764833347785, 35096.307512705585, 34807.19497379067, 34500.369593783245, 34180.223241427506, 33856.74077593483, 33554.86929051688], "type": "polyish-straight"}