{"orig": [43, 38, 38, 36, 41, 40, 41, 43, 38, 34, 39, 43, 46, 41, 41, 42, 38, 33, 31, 27, 26, 27, 27, 28, 33, 42, 41, 36, 35, 31, 28, 35, 34, 36, 36, 38, 42, 45, 46, 47, 44, 39, 37, 38, 43, 48, 47, 50, 49, 46, 44, 49, 48, 44, 45, 48, 51, 53, 47, 44, 46, 51, 48, 44, 51, 48, 46, 49, 46, 39, 44, 42, 45, 49, 50, 44, 41, 41, 46, 50, 53, 47, 47, 44, 44, 45, 48, 51, 56, 49, 48, 51, 44, 43, 44, 52, 57, 52, 52, 47, 43, 40, 37, 41, 49, 55, 54, 60, 62, 63, 61, 65, 60, 62, 55, 53, 50, 48, 50, 53, 50, 49, 48, 42, 43, 42, 48, 50, 53, 52, 52, 48, 50, 50, 52, 55, 53, 57, 61, 62, 56, 61, 59, 53, 56, 61, 63, 68, 76, 66, 68, 66, 58], "data": [39.496219445622174, 39.403834755826374, 39.33165166303833, 39.28978129407699, 39.292718308651914, 39.35642869418699, 39.48669719690089, 39.674893519478076, 39.89842694338481, 40.11309509336209, 40.269144362876226, 40.32375383267021, 40.215245629767864, 39.863087547011276, 39.21730468267078, 38.2767384072013, 37.07521323807851, 35.70803636988668, 34.2797293029786, 32.8560305869325, 31.553153177504523, 30.53843552115131, 29.92607538872637, 29.76565186965518, 30.048802971826785, 30.64966559633185, 31.4549088830762, 32.45635182057, 33.57445775637282, 34.67043117973973, 35.661248431085745, 36.47817791822951, 37.11873992841211, 37.726804374347026, 38.39285396998405, 39.064815465613016, 39.741473082608564, 40.432062800597905, 41.11715749242321, 41.84827290795737, 42.62090143280076, 43.31662047267258, 43.88053228005547, 44.337497056918544, 44.70166013450843, 45.0335477456499, 45.38447132893104, 45.71264735606064, 46.00770899638829, 46.29835801038736, 46.58360322850909, 46.878669592983584, 47.18895709974351, 47.47319048399448, 47.710103790819836, 47.90983462372015, 48.072811397096245, 48.20905002961717, 48.3237672927287, 48.386389405685456, 48.37001431013275, 48.253961131695334, 48.01885780283117, 47.67484269073735, 47.24027111788153, 46.737147779354956, 46.200014225934495, 45.65948016014506, 45.1619679795176, 44.77917260858874, 44.560228550779364, 44.5156960448506, 44.63647190019282, 44.87137025534908, 45.16922371732387, 45.52112538010558, 45.888058501812104, 46.201066473058795, 46.42074767104244, 46.52701118715285, 46.53100295581791, 46.51198146414517, 46.53324015881931, 46.59739979950097, 46.73874491075254, 47.009327048088316, 47.42822579069053, 48.00690008272811, 48.712039883343905, 49.42521443269219, 50.04473539831152, 50.52448813732476, 50.77929506878327, 50.705779047629946, 50.25184938802156, 49.407646923648066, 48.23603561301519, 46.92517650078934, 45.66241170185184, 44.569563051672176, 43.84881701297334, 43.76563032036433, 44.48664930462385, 46.05813407032228, 48.40243554337848, 51.21704839043203, 54.20063159395496, 57.20823532161133, 59.942723000584856, 61.97373273138252, 63.02144944258801, 62.947386093602844, 61.791334772086536, 59.949974065678504, 57.76191243481991, 55.25750070567725, 52.660384324227955, 50.332275759208926, 48.486827098179475, 47.32872173251262, 46.868774755380805, 46.70661311723878, 46.590387622843124, 46.63949589717781, 46.83329624419336, 47.13157996233571, 47.562248074352205, 47.95370640359182, 48.2857517108865, 48.84077274619263, 49.725466107746776, 50.829724062540365, 52.06801733503547, 53.22509984176302, 54.12625814237336, 54.87700357719528, 55.5157208543362, 56.002289171186064, 56.39400275049112, 56.70497739505659, 57.009502339245586, 57.54708923199531, 58.452594884928814, 59.683454895513165, 61.17032378288249, 62.7215144491098, 64.14356703918735, 65.41417403654161, 66.41901471298293, 66.93956195269399, 66.86721334281701, 66.15784519966331, 64.86653942039254, 63.27165517223539, 61.61755171386661, 59.98445438750814, 58.56758636556605, 57.63474203651519], "type": "polyish-decreasing"}